<?xml version="1.0" encoding="UTF-8"?>
<!DOCTYPE suite SYSTEM "http://testng.org/testng-1.0.dtd" >

<suite name="Automation Suite">
	<test name="App Test">

		<parameter name="env" value="QA" />
		<parameter name="browser" value="chrome" />
		<parameter name="url" value="https://login.yahoo.com/" />
		<parameter name="emailId" value="test@yahoo.com" />

		<classes>
			<class name="VunetAutomationProject/src/test/java/com/testbasics/testcases/Testlogin.java" />
		</classes>

	</test>
</suite>